{"cameraMode":{"drawMode":0,"name":"Shaded","section":"Shading Mode"},"sceneLighting":true,"audioPlay":false,"sceneViewState":{"m_AlwaysRefresh":false,"showFog":true,"showSkybox":true,"showFlares":true,"showImageEffects":true,"showParticleSystems":true,"showVisualEffectGraphs":true,"m_FxEnabled":true},"in2DMode":false,"pivot":{"x":0.2146192342042923,"y":4.716166973114014,"z":-3.6824333667755129},"rotation":{"x":-0.1551876813173294,"y":0.04769017919898033,"z":-0.007500894833356142,"w":-0.9867098331451416},"size":0.9031639099121094,"orthographic":false}