{"cameraMode":{"drawMode":0,"name":"Shaded","section":"Shading Mode"},"sceneLighting":true,"audioPlay":false,"sceneViewState":{"m_AlwaysRefresh":false,"showFog":true,"showSkybox":true,"showFlares":true,"showImageEffects":true,"showParticleSystems":true,"showVisualEffectGraphs":true,"m_FxEnabled":true},"in2DMode":false,"pivot":{"x":-1.1286590099334717,"y":2.3397226333618166,"z":1.3028192520141602},"rotation":{"x":-0.21867941319942475,"y":0.32675644755363467,"z":-0.07799501717090607,"w":-0.9161529541015625},"size":6.214932441711426,"orthographic":false}